Tanggal,Positif (Jakarta),Sembuh (Jakarta),Meninggal (Jakarta),Positif Aktif (Jakarta),mortality_rate,recovery_rate
2020-03-03,3,0,1,2,0.3333333333333333,0.0
2020-03-04,3,0,1,2,0.3333333333333333,0.0
2020-03-05,7,0,3,4,0.42857142857142855,0.0
2020-03-06,7,0,3,4,0.42857142857142855,0.0
2020-03-07,7,0,3,4,0.42857142857142855,0.0
2020-03-08,7,0,3,4,0.42857142857142855,0.0
2020-03-09,34,0,3,31,0.08823529411764706,0.0
2020-03-10,34,0,3,31,0.08823529411764706,0.0
2020-03-11,36,0,3,33,0.08333333333333333,0.0
2020-03-12,62,0,5,57,0.08064516129032258,0.0
2020-03-13,72,0,7,65,0.09722222222222222,0.0
2020-03-14,79,0,9,70,0.11392405063291139,0.0
2020-03-15,95,0,11,84,0.11578947368421053,0.0
2020-03-16,97,0,12,85,0.12371134020618557,0.0
2020-03-17,122,0,12,110,0.09836065573770492,0.0
2020-03-18,160,12,15,133,0.09375,0.075
2020-03-19,210,13,19,178,0.09047619047619047,0.06190476190476191
2020-03-20,224,13,20,191,0.08928571428571429,0.05803571428571429
2020-03-21,268,17,23,228,0.08582089552238806,0.06343283582089553
2020-03-22,304,21,29,254,0.09539473684210527,0.06907894736842106
2020-03-23,355,22,29,304,0.08169014084507042,0.061971830985915494
2020-03-24,426,23,34,369,0.07981220657276995,0.0539906103286385
2020-03-25,472,27,43,402,0.09110169491525423,0.057203389830508475
2020-03-26,515,29,49,437,0.09514563106796116,0.05631067961165048
2020-03-27,566,31,57,478,0.10070671378091872,0.054770318021201414
2020-03-28,603,43,62,498,0.10281923714759536,0.07131011608623548
2020-03-29,701,48,67,586,0.09557774607703282,0.06847360912981455
2020-03-30,727,49,78,600,0.10729023383768914,0.06740027510316368
2020-03-31,741,49,84,608,0.11336032388663968,0.06612685560053981
2020-04-01,816,51,90,675,0.11029411764705882,0.0625
2020-04-02,909,54,95,760,0.10451045104510451,0.0594059405940594
2020-04-03,990,56,98,836,0.09898989898989899,0.05656565656565657
2020-04-04,1071,58,99,914,0.09243697478991597,0.05415499533146592
2020-04-05,1151,64,123,964,0.10686359687228497,0.05560382276281494
2020-04-06,1299,68,131,1100,0.100846805234796,0.05234795996920708
2020-04-07,1443,69,141,1233,0.09771309771309772,0.04781704781704782
2020-04-08,1552,75,144,1333,0.09278350515463918,0.04832474226804124
2020-04-09,1719,82,155,1482,0.09016870273414776,0.0477021524141943
2020-04-10,1810,82,156,1572,0.0861878453038674,0.045303867403314914
2020-04-11,1903,142,168,1593,0.0882816605359958,0.07461902259590121
2020-04-12,2082,142,195,1745,0.0936599423631124,0.06820365033621517
2020-04-13,2242,142,209,1891,0.09322033898305085,0.06333630686886708
2020-04-14,2349,163,243,1943,0.10344827586206896,0.06939123031077055
2020-04-15,2447,164,246,2037,0.10053126277073968,0.06702084184715978
2020-04-16,2670,202,248,2220,0.09288389513108614,0.07565543071161049
2020-04-17,2823,203,250,2370,0.08855827134254339,0.07190931633014523
2020-04-18,2902,206,257,2439,0.08855961405926947,0.0709855272226051
2020-04-19,3033,207,292,2534,0.09627431585888559,0.06824925816023739
2020-04-20,3112,237,297,2578,0.09543701799485861,0.07615681233933162
2020-04-21,3279,286,305,2688,0.09301616346447088,0.08722171393717597
2020-04-22,3399,291,308,2800,0.09061488673139159,0.08561341571050309
2020-04-23,3506,292,316,2898,0.0901312036508842,0.08328579577866514
2020-04-24,3605,327,331,2947,0.09181692094313454,0.09070735090152567
2020-04-25,3681,334,350,2997,0.09508285791904374,0.09073621298560174
2020-04-26,3746,338,357,3051,0.09530165509877202,0.09022957821676456
2020-04-27,3832,338,375,3119,0.09786012526096033,0.08820459290187892
2020-04-28,3950,341,379,3230,0.0959493670886076,0.08632911392405063
2020-04-29,4033,412,381,3240,0.09447061740639723,0.10215720307463427
2020-04-30,4138,412,381,3345,0.09207346544224262,0.09956500724987917
2020-05-01,4283,427,393,3463,0.09175811347186552,0.09969647443380808
2020-05-02,4355,562,400,3393,0.09184845005740529,0.12904707233065443
2020-05-03,4417,622,410,3385,0.09282318315598823,0.14081956078786506
2020-05-04,4472,650,412,3410,0.09212880143112702,0.14534883720930233
2020-05-05,4641,711,414,3516,0.0892049127343245,0.15319974143503556
2020-05-06,4709,713,420,3576,0.08919091102144829,0.15141218942450627
2020-05-07,4775,718,430,3627,0.09005235602094241,0.15036649214659686
2020-05-08,4901,763,431,3707,0.08794123648235054,0.15568251377269945
2020-05-09,4958,767,437,3754,0.0881403791851553,0.15469947559499797
2020-05-10,5140,803,444,3893,0.08638132295719844,0.15622568093385214
2020-05-11,5195,836,453,3906,0.08719923002887392,0.16092396535129933
2020-05-12,5303,1262,457,3584,0.08617763530077314,0.23797850273430135
2020-05-13,5437,1277,461,3699,0.08478940592238367,0.23487217215376127
2020-05-14,5617,1279,466,3872,0.08296243546377069,0.22770162008189426
2020-05-15,5679,1286,474,3919,0.08346539883782356,0.22644831836590948
2020-05-16,5795,1292,475,4028,0.08196721311475409,0.22295081967213115
2020-05-17,5922,1295,478,4149,0.08071597433299561,0.2186761229314421
2020-05-18,5996,1301,483,4212,0.08055370246831221,0.21697798532354903
2020-05-19,6053,1417,487,4149,0.08045597224516769,0.234098793986453
2020-05-20,6150,1425,493,4232,0.08016260162601627,0.23170731707317074
2020-05-21,6220,1536,498,4186,0.08006430868167203,0.24694533762057877
2020-05-22,6316,1558,501,4257,0.07932235592146929,0.246675110829639
2020-05-23,6443,1587,504,4352,0.07822442961353407,0.24631382896166382
2020-05-24,6561,1594,505,4462,0.07696997408931565,0.2429507696997409
2020-05-25,6628,1648,506,4474,0.07634278817139409,0.24864212432106217
2020-05-26,6689,1678,508,4503,0.07594558229929735,0.2508596202720885
2020-05-27,6826,1698,510,4618,0.07471432757105186,0.24875476120714912
2020-05-28,6929,1719,514,4696,0.0741809784961755,0.24808774714966084
2020-05-29,7053,1807,517,4729,0.07330214093293634,0.2562030341698568
2020-05-30,7151,2003,519,4629,0.07257726192140959,0.2801006852188505
2020-05-31,7272,2102,520,4650,0.07150715071507151,0.28905390539053905
2020-06-01,7383,2246,521,4616,0.0705675199783286,0.3042123797914127
2020-06-02,7459,2405,525,4529,0.07038477007641775,0.3224292800643518
2020-06-03,7539,2534,529,4476,0.07016845735508688,0.3361188486536676
2020-06-04,7600,2607,530,4463,0.06973684210526315,0.3430263157894737
2020-06-05,7684,2751,532,4401,0.06923477355543987,0.35801665799062987
2020-06-06,7786,2840,535,4411,0.06871307474955048,0.36475725661443614
2020-06-07,7946,3170,537,4239,0.06758117291719104,0.39894286433425624
2020-06-08,8037,3205,538,4294,0.06694040064700758,0.39878063954211773
2020-06-09,8276,3369,547,4360,0.06609473175447075,0.4070807153214113
2020-06-10,8423,3517,551,4355,0.06541612252166687,0.41754719221180103
2020-06-11,8552,3664,555,4333,0.06489710009354537,0.4284377923292797
2020-06-12,8628,3780,561,4287,0.06502086230876217,0.4381084840055633
2020-06-13,8748,3840,564,4344,0.0644718792866941,0.438957475994513
2020-06-14,8863,4091,571,4201,0.06442513821505133,0.46158185715897554
2020-06-15,8968,4198,580,4190,0.06467439785905442,0.4681088314005352
2020-06-16,9092,4329,583,4180,0.0641223053233612,0.4761328640563132
2020-06-17,9209,4444,588,4177,0.06385058095341514,0.482571397545879
2020-06-18,9385,4592,594,4199,0.06329248801278636,0.48929142248268515
2020-06-19,9525,4682,599,4244,0.06288713910761155,0.4915485564304462
2020-06-20,9703,4821,603,4279,0.06214572812532206,0.49685664227558485
2020-06-21,9830,5054,615,4161,0.06256358087487283,0.5141403865717192
2020-06-22,9957,5128,618,4211,0.06206688761675203,0.5150145626192628
2020-06-23,10123,5228,619,4276,0.06114788106292601,0.5164476933715302
2020-06-24,10277,5322,628,4327,0.06110732704096526,0.5178554052739126
2020-06-25,10472,5435,631,4406,0.0602559205500382,0.5190030557677616
2020-06-26,10640,5542,632,4466,0.059398496240601506,0.5208646616541354
2020-06-27,10853,5610,632,4611,0.058232746705979915,0.5169077674375748
2020-06-28,10985,5865,635,4485,0.05780609922621757,0.5339098771051434
2020-06-29,11080,6118,636,4326,0.05740072202166065,0.5521660649819494
2020-06-30,11276,6512,641,4123,0.056846399432422846,0.5775097552323519
2020-07-01,11482,6680,644,4158,0.05608778958369622,0.5817801776693956
2020-07-02,11677,6871,646,4160,0.055322428706003256,0.5884216836516228
2020-07-03,11824,7109,648,4067,0.05480378890392422,0.6012347767253045
2020-07-04,12039,7377,650,4012,0.053991195282000165,0.6127585347620235
2020-07-05,12295,7663,658,3974,0.05351769011793412,0.6232614884099227
2020-07-06,12526,8033,658,3835,0.05253073606897653,0.641306083346639
2020-07-07,12725,8277,664,3784,0.05218074656188605,0.6504518664047151
2020-07-08,13069,8429,667,3973,0.05103680465223047,0.6449613589410055
2020-07-09,13359,8647,677,4035,0.050677445916610525,0.6472789879481997
2020-07-10,13598,8825,684,4089,0.05030151492866598,0.6489924988968966
2020-07-11,13957,9040,690,4227,0.049437558214516016,0.6477036612452532
2020-07-12,14361,9200,702,4459,0.04888238980572383,0.6406239119838452
2020-07-13,14639,9408,710,4521,0.04850058064075415,0.6426668488284719
2020-07-14,14914,9528,714,4672,0.04787448035402977,0.6388628134638594
2020-07-15,15173,9721,720,4732,0.04745271205430699,0.6406775192776643
2020-07-16,15466,9857,722,4887,0.04668304668304668,0.6373335057545584
2020-07-17,15707,9994,731,4982,0.046539759342968105,0.6362768192525625
2020-07-18,16038,10117,740,5181,0.04614041651078688,0.6308143159995012
2020-07-19,16351,10444,748,5159,0.04574643752675677,0.6387376918842884
2020-07-20,16712,10602,749,5361,0.04481809478219244,0.6343944471038775
2020-07-21,17153,10864,758,5531,0.044190520608639886,0.6333585961639363
2020-07-22,17529,11187,766,5576,0.04369901306406526,0.6381995550231045
2020-07-23,17945,11302,767,5876,0.042741710782947896,0.6298133184731123
2020-07-24,18230,11585,768,5877,0.04212835984640702,0.6354909489851892
2020-07-25,18623,11715,769,6139,0.041293024754336036,0.629060838747785
2020-07-26,19001,11889,779,6333,0.040997842218830585,0.6257039103205094
2020-07-27,19473,11996,782,6695,0.040158167719406355,0.6160324551943717
2020-07-28,19885,12373,795,6717,0.03997988433492582,0.622227809906965
2020-07-29,20470,12613,820,7037,0.040058622374206154,0.6161700048851978
2020-07-30,20769,12801,821,7147,0.03953006885261688,0.6163512927921422
2020-07-31,21201,13208,836,7157,0.03943210225932739,0.6229894816282251
2020-08-01,21575,13887,852,6836,0.039490150637311705,0.6436616454229432
2020-08-02,21954,14027,852,7075,0.03880841760043728,0.6389268470438189
2020-08-03,22443,14165,867,7411,0.03863119903756183,0.6311544802388273
2020-08-04,22909,14381,880,7648,0.038412850844646206,0.627744554541883
2020-08-05,23266,14760,895,7611,0.03846815094988395,0.6344021318662426
2020-08-06,23863,15006,908,7949,0.03805053849055023,0.6288396261995558
2020-08-07,24521,15201,922,8398,0.03760042412625912,0.6199176216304392
2020-08-08,25242,15710,934,8598,0.03700182235955946,0.6223754060692497
2020-08-09,25714,16268,939,8507,0.03651707241191569,0.6326514739052657
2020-08-10,26193,16446,940,8807,0.035887450845645784,0.6278776772420113
2020-08-11,26664,16927,953,8784,0.03574107410741074,0.6348259825982598
2020-08-12,27242,17349,968,8925,0.03553336759415608,0.6368475148667498
2020-08-13,27863,17838,981,9044,0.03520798191149553,0.6402038545741665
2020-08-14,28438,18528,985,8925,0.03463675363949645,0.6515226105914621
2020-08-15,29036,18974,991,9071,0.03413004546080727,0.6534646645543464
2020-08-16,29554,19708,995,8851,0.03366718549096569,0.6668471272924139
2020-08-17,30092,19916,1011,9165,0.033596969294164565,0.661837033098498
2020-08-18,30597,20505,1028,9064,0.03359806516978789,0.6701637415432885
2020-08-19,31162,21069,1046,9047,0.033566523329696424,0.6761119311982543
2020-08-20,31757,21795,1061,8901,0.0334099568599049,0.686305381490695
2020-08-21,32398,22228,1076,9094,0.03321192666213964,0.6860917340576579
2020-08-22,32999,22877,1091,9031,0.033061607927512955,0.6932634322252189
2020-08-23,33636,23567,1107,8962,0.03291116660720656,0.700648115114758
2020-08-24,34295,25463,1112,7720,0.03242455168391894,0.7424697477766439
2020-08-25,34931,25986,1129,7816,0.03232086112622026,0.7439237353640034
2020-08-26,35642,26750,1144,7748,0.03209696425565344,0.75051905055833
2020-08-27,36462,28288,1147,7027,0.03145740771213867,0.775821403104602
2020-08-28,37278,29169,1154,6955,0.030956596383926175,0.7824722356349589
2020-08-29,38166,29768,1172,7226,0.03070795996436619,0.7799612220300791
2020-08-30,39280,30134,1186,7960,0.03019348268839104,0.7671588594704685
2020-08-31,40309,30538,1202,8569,0.02981964325584857,0.7575975588578233
2020-09-01,41250,31267,1219,8764,0.02955151515151515,0.7579878787878788
2020-09-02,42303,31741,1237,9325,0.0292414249580408,0.7503250360494528
2020-09-03,43709,32424,1253,10032,0.028666864947722435,0.7418151868036331
2020-09-04,44604,33260,1260,10084,0.02824858757062147,0.745673033808627
2020-09-05,45446,33991,1277,10178,0.028099282665141046,0.7479426132112837
2020-09-06,46691,34738,1289,10664,0.027607033475402113,0.7439977725900067
2020-09-07,47796,35431,1318,11047,0.027575529332998578,0.7412963427901916
2020-09-08,48811,36451,1330,11030,0.027247956403269755,0.7467783901169819
2020-09-09,49837,37245,1347,11245,0.027028111643959307,0.747336316391436
2020-09-10,51287,38226,1365,11696,0.026614931659094898,0.7453350751652466
2020-09-11,52321,39115,1382,11824,0.02641386823646337,0.7475965673438963
2020-09-12,53761,40183,1404,12174,0.0261155856475884,0.7474377336731087
2020-09-13,54864,41014,1410,12440,0.025699912510936132,0.7475575969670458
2020-09-14,55926,42325,1440,12161,0.025748310267138717,0.756803633372671
2020-09-15,56953,43306,1468,12179,0.025775639562446228,0.7603813670921638
2020-09-16,58458,44251,1498,12709,0.025625235211604914,0.7569708166546922
2020-09-17,59472,45207,1513,12752,0.025440543449018024,0.760139225181598
2020-09-18,60875,46235,1535,13105,0.025215605749486652,0.7595071868583162
2020-09-19,61807,47260,1546,13001,0.02501334800265342,0.7646383095765852
2020-09-20,62886,49209,1561,12116,0.024822695035460994,0.7825112107623319
2020-09-21,64196,49630,1592,12974,0.024799052900492242,0.7731011277961244
2020-09-22,65318,50473,1624,13221,0.024862978045867908,0.7727272727272727
2020-09-23,66505,51578,1650,13277,0.02481016464927449,0.7755507104728968
2020-09-24,67638,52742,1664,13232,0.024601555338714925,0.7797687690351578
2020-09-25,68927,54352,1677,12898,0.024330088354345903,0.7885444020485441
2020-09-26,70184,55350,1679,13155,0.023922831414567424,0.7886412857631369
2020-09-27,71370,56413,1692,13265,0.023707440100882726,0.7904301527252346
2020-09-28,72177,57741,1704,12732,0.023608628787563906,0.7999916871025395
2020-09-29,73309,58865,1718,12726,0.023435048902590405,0.8029709858271153
2020-09-30,74368,60320,1731,12317,0.023276140275387262,0.8111015490533563
2020-10-01,75521,61444,1737,12340,0.023000225102951497,0.8136015148104501
2020-10-02,76619,62279,1740,12600,0.02270977172763936,0.8128401571411791
2020-10-03,77784,63286,1743,12755,0.022408207343412527,0.8136120538928314
2020-10-04,79214,64319,1761,13134,0.022230918776983865,0.8119650566818997
2020-10-05,80036,65295,1772,12969,0.022140036983357488,0.8158203808286271
2020-10-06,81043,66315,1806,12922,0.022284466270991943,0.8182693138210579
2020-10-07,82383,67310,1819,13254,0.022079798016581092,0.8170374955998203
2020-10-08,83392,68352,1838,13202,0.02204048349961627,0.819646968534152
2020-10-09,84364,69203,1860,13301,0.022047318761557064,0.8202906452989427
2020-10-10,85617,70487,1877,13253,0.021923216183701834,0.8232827592650992
2020-10-11,87006,71549,1901,13556,0.021849067880376067,0.822345585361929
2020-10-12,88174,72633,1922,13619,0.021797808877900515,0.8237462290471114
2020-10-13,89228,73733,1944,13551,0.02178688304119783,0.8263437485990944
2020-10-14,90266,74924,1961,13381,0.0217246803890723,0.8300356723461768
2020-10-15,91337,75974,1984,13379,0.021721755695939215,0.8317987234089143
2020-10-16,92382,76956,2008,13418,0.021735835985365114,0.8330194193674092
2020-10-17,93356,78062,2032,13262,0.021766142508247998,0.836175500235657
2020-10-18,94327,79136,2051,13140,0.02174350928154187,0.838953852025401
2020-10-19,95253,80261,2064,12928,0.021668608862712987,0.8426086317491313
2020-10-20,96217,81107,2086,13024,0.021680160470602908,0.8429591444339358
2020-10-21,97217,82178,2105,12934,0.021652591624921568,0.8453048335167718
2020-10-22,98206,83338,2120,12748,0.02158727572653402,0.8486039549518359
2020-10-23,99158,84430,2138,12590,0.021561548236148368,0.8514693721131931
2020-10-24,100220,85586,2153,12481,0.021482737976451807,0.8539812412692077
2020-10-25,100991,86815,2164,12012,0.021427651968987337,0.8596310562327336
2020-10-26,101897,87977,2185,11735,0.0214432220771956,0.8633914639292619
2020-10-27,102678,89060,2195,11423,0.02137751027483979,0.8673717836342741
2020-10-28,103522,90157,2211,11154,0.021357779022816405,0.8708970073993934
2020-10-29,104235,91235,2225,10775,0.021345997025950976,0.8752818151292752
2020-10-30,104847,92312,2239,10296,0.021354926702719202,0.8804448386696806
2020-10-31,105597,94434,2255,8908,0.021354773336363722,0.8942867695104975
2020-11-01,106205,94819,2273,9113,0.021402005555294007,0.8927922414198954
2020-11-02,107229,95876,2291,9062,0.021365488813660485,0.8941237911385912
2020-11-03,107846,96902,2300,8644,0.021326706600152068,0.8985219665077981
2020-11-04,108620,97833,2315,8472,0.021312833732277665,0.9006904805744799
2020-11-05,109411,98806,2331,8274,0.02130498761550484,0.9030719031907212
2020-11-06,110083,99830,2348,7905,0.021329360573385536,0.9068611865592325
2020-11-07,111201,100816,2359,8026,0.02121383800505391,0.9066105520633807
2020-11-08,112027,101791,2366,7870,0.021119908593464076,0.9086291697537201
2020-11-09,112743,102844,2377,7522,0.021083348855361308,0.9121985400423973
2020-11-10,113756,104144,2391,7221,0.02101867154259995,0.9155033580646296
2020-11-11,114343,105117,2403,6823,0.02101571587241895,0.9193129443866263
2020-11-12,115174,106189,2414,6571,0.020959591574487298,0.9219876013683644
2020-11-13,116207,107147,2428,6632,0.020893749946216664,0.9220356777130465
2020-11-14,117462,108209,2441,6812,0.020781188809998127,0.9212255878496876
2020-11-15,118627,109181,2448,6998,0.02063611150918425,0.9203722592664402
2020-11-16,119633,110221,2455,6957,0.020521093678165722,0.9213260555197981
2020-11-17,120671,111096,2459,7116,0.020377721242054843,0.920652020783784
2020-11-18,121818,111948,2470,7400,0.020276149665895023,0.9189774910111806
2020-11-19,123003,112833,2484,7686,0.020194629399282946,0.9173190897782981
2020-11-20,124243,113739,2501,8003,0.020129906715066443,0.9154560015453587
2020-11-21,125822,114863,2515,8444,0.019988555260606253,0.9129007645721734
2020-11-22,127164,115939,2531,8694,0.019903431788871065,0.9117281620584442
2020-11-23,128173,117003,2548,8622,0.019879381773072333,0.9128521607514843
2020-11-24,129188,118062,2567,8559,0.01987026658822801,0.9138774499179491
2020-11-25,130461,119099,2584,8778,0.01980668552287657,0.9129088386567633
2020-11-26,131525,120287,2597,8641,0.019745295571184186,0.9145561680288918
2020-11-27,132961,121082,2614,9265,0.019659900271508185,0.910658012499906
2020-11-28,134331,122328,2632,9371,0.01959339244105977,0.9106460906268843
2020-11-29,135762,123163,2652,9947,0.019534184823441023,0.9071978904258924
2020-11-30,136861,124078,2671,10112,0.019516151423707266,0.9065986657996069
2020-12-01,137919,125102,2689,10128,0.019496951108984258,0.9070686417389917
2020-12-02,139085,126163,2710,10212,0.01948448790308085,0.9070927849875975
2020-12-03,140238,127136,2734,10368,0.019495429198933243,0.9065731114248634
2020-12-04,141270,128051,2757,10462,0.01951582076874071,0.9064274085085298
2020-12-05,142630,129067,2779,10784,0.019483979527448642,0.9049078034074178
2020-12-06,143961,130136,2799,11026,0.019442765749057036,0.9039670466306847
2020-12-07,145427,131071,2823,11533,0.019411801109835175,0.9012838056206894
2020-12-08,146601,132248,2842,11511,0.019385952346846202,0.9020948015361423
2020-12-09,147838,133318,2860,11660,0.019345499803839337,0.9017843856112772
2020-12-10,149018,134366,2880,11772,0.01932652431249916,0.9016763075601605
2020-12-11,150250,135545,2902,11803,0.019314475873544092,0.9021297836938436
2020-12-12,151201,136489,2922,11790,0.01932526901277108,0.9026990562231731
2020-12-13,152499,137605,2941,11953,0.019285372363097464,0.9023337857953166
2020-12-14,154065,138988,2963,12114,0.0192321422776101,0.9021387076883134
2020-12-15,155122,140225,2990,11907,0.01927515117133611,0.9039659107025438
2020-12-16,156343,141365,3010,11968,0.019252540887663663,0.9041978214566689
2020-12-17,158033,142741,3027,12265,0.019154227281643708,0.9032354002012238
2020-12-18,159620,143959,3048,12613,0.019095351459716827,0.9018857286054379
2020-12-19,161519,145066,3068,13385,0.018994669357784533,0.8981358230301079
2020-12-20,163111,146958,3087,13066,0.01892576221100968,0.9009692785894269
2020-12-21,164577,148308,3097,13172,0.018817939323234716,0.9011465757669662
2020-12-22,165888,149691,3115,13082,0.018777729552469136,0.9023618344907407
2020-12-23,167842,151122,3130,13590,0.01864849084257814,0.9003825025917231
2020-12-24,169775,152491,3146,14138,0.01853040789279929,0.8981946694154027
2020-12-25,171871,154242,3167,14462,0.018426610655666167,0.8974288856177016
2020-12-26,173929,156798,3182,13949,0.018294821450131952,0.901505786844057
2020-12-27,175926,158615,3204,14107,0.01821220285801985,0.9016006730102429
2020-12-28,177604,159878,3226,14500,0.018164005315195603,0.9001936893313214
2020-12-29,179660,161337,3246,15077,0.018067460759211843,0.8980129132806413
2020-12-30,181713,162911,3266,15536,0.017973397610517684,0.8965291421087099
2020-12-31,183735,164881,3287,15567,0.017889895773804666,0.897384820529567
2021-01-01,185691,166512,3308,15871,0.017814541361724584,0.8967155112525648
2021-01-02,187586,168781,3334,15471,0.01777318136747945,0.8997526467860075
2021-01-03,189243,170510,3345,15388,0.017675686815364373,0.9010108696226544
2021-01-04,191075,173036,3369,14670,0.017631819965981944,0.9055920450085045
2021-01-05,192899,174131,3392,15376,0.017584331696898377,0.9027055609412179
2021-01-06,195301,175441,3410,16450,0.01746022805822807,0.8983108125406424
2021-01-07,197699,176882,3435,17382,0.017374898203835122,0.8947035645096839
2021-01-08,200658,179562,3463,17633,0.017258220454704022,0.8948658912178932
2021-01-09,203411,181613,3485,18313,0.017132800094390176,0.8928376538141989
2021-01-10,206122,184576,3517,18029,0.01706271043362669,0.8954696733002785
2021-01-11,208583,187086,3551,17946,0.01702439796148296,0.8969379096091245
2021-01-12,211252,188675,3589,18988,0.016989188268040065,0.8931276390282695
2021-01-13,214728,191635,3634,19459,0.016923736075407026,0.8924546402891099
2021-01-14,217893,193719,3675,20499,0.016866076468725476,0.8890556374000083
2021-01-15,220434,195924,3710,20800,0.016830434506473594,0.8888102561310869
2021-01-16,223970,198136,3745,22089,0.016720989418225654,0.8846541947582266
2021-01-17,227365,201907,3779,21679,0.01662085193411475,0.8880302597145558
2021-01-18,229726,204711,3815,21200,0.016606740203546834,0.8911094085998102
2021-01-19,232289,209238,3836,19215,0.016513911549836627,0.9007658563255255
2021-01-20,236075,210983,3868,21224,0.01638462353065763,0.8937117441491051
2021-01-21,239226,213570,3900,21756,0.016302575806977502,0.8927541320759449
2021-01-22,243018,215719,3940,23359,0.016212790822079024,0.8876667571949403
2021-01-23,246303,219287,3980,23036,0.016158958680974247,0.8903139628831155
2021-01-24,249815,221567,4024,24224,0.016107919860696915,0.8869243239997598
2021-01-25,252266,224071,4063,24132,0.016106015079321034,0.888233055584185
2021-01-26,254580,227010,4108,23462,0.016136381491083353,0.8917039830308744
2021-01-27,256416,229981,4134,22301,0.016122238861849495,0.8969058093098714
2021-01-28,259305,232701,4185,22419,0.01613929542430728,0.8974026725284896
2021-01-29,262753,235140,4224,23389,0.01607593443271818,0.8949089068440703
2021-01-30,266244,238395,4254,23595,0.01597782485239104,0.89540045972867
2021-01-31,269718,242069,4267,23382,0.015820227051957972,0.897489229491543
2021-02-01,273332,244202,4337,24793,0.0158671505714662,0.8934263093966313
2021-02-02,276694,248515,4379,23800,0.01582614729629121,0.8981582542447614
2021-02-03,280261,249810,4420,26031,0.01577101344817866,0.8913477080293013
2021-02-04,283893,254155,4461,25277,0.01571366676881783,0.8952492664489791
2021-02-05,287233,256702,4502,26029,0.015673686519306625,0.893706503082863
2021-02-06,289612,261027,4541,24044,0.015679598911647306,0.9012989793240611
2021-02-07,293825,265369,4587,23869,0.015611333276610228,0.903153237471284
2021-02-08,296969,268785,4631,23553,0.015594220272149618,0.9050944711400853
2021-02-09,300406,271573,4681,24152,0.015582245361277737,0.9040198930780344
2021-02-10,303715,274817,4725,24173,0.015557348171805804,0.9048515878372817
2021-02-11,306229,278822,4748,22659,0.015504736651329561,0.9105016180701371
2021-02-12,310039,284579,4798,20662,0.01547547244056393,0.917881298804344
2021-02-13,313057,289189,4850,19018,0.015492386370533162,0.9237582932181679
2021-02-14,315553,293538,4895,17120,0.01551244957265499,0.9302335899199183
2021-02-15,317432,295623,4940,16869,0.01556238816502432,0.9312955215605232
2021-02-16,319293,297695,4987,16611,0.015618882969560873,0.9323568008067825
2021-02-17,320738,299795,5026,15917,0.01567011080695147,0.9347037145582999
2021-02-18,321111,302451,5044,13616,0.015707963912790283,0.9418892532488765
2021-02-19,323031,304995,5081,12955,0.015729140546882497,0.9441663493596589
2021-02-20,325903,307759,5121,13023,0.0157132643762101,0.944326993000985
2021-02-21,328623,310412,5172,13039,0.015738399320802256,0.9445839153072061
2021-02-22,331094,312748,5206,13140,0.015723631355445886,0.9445897539671513
2021-02-23,331876,314563,5248,12065,0.015813135026335138,0.9478329255505068
2021-02-24,332658,317003,5301,10354,0.01593528488718143,0.9529396557425344
2021-02-25,334239,319326,5346,9567,0.015994542827138664,0.955382226490625
2021-02-26,335900,321038,5385,9477,0.016031557011015184,0.9557546888955046
2021-02-27,337637,322285,5439,9913,0.01610901648812186,0.9545310496183771
2021-02-28,339735,323892,5478,10365,0.016124332200097135,0.9533665945516359
2021-03-01,341793,326509,5528,9756,0.0161735319330706,0.9552828758927187
2021-03-02,342371,328526,5568,8277,0.016263059663347654,0.9595614114513203
2021-03-03,343808,331016,5613,7179,0.0163259726358898,0.9627931868950111
2021-03-04,345816,332758,5657,7401,0.016358410252851226,0.9622400351632082
2021-03-05,346975,334100,5702,7173,0.016433460623964263,0.9628935802291231
2021-03-06,348591,335617,5748,7226,0.016489238104253984,0.9627815979184775
2021-03-07,350425,337426,5790,7209,0.016522793750445887,0.9629050438752943
2021-03-08,352208,338931,5838,7439,0.016575432698859766,0.9623035251896607
2021-03-09,353075,340587,5883,6605,0.01666218225589464,0.9646307441761666
2021-03-10,354115,341398,5923,6794,0.0167262047639891,0.9640879375344168
2021-03-11,355869,342306,5943,7620,0.016699965436719692,0.96188766090893
2021-03-12,357742,343351,5969,8422,0.016685208893560163,0.9597726853430685
2021-03-13,358776,345202,5991,7583,0.01669844136731554,0.9621658081922982
2021-03-14,359980,347210,6026,6744,0.016739818878826602,0.9645258069892771
2021-03-15,361535,349002,6038,6495,0.01670101096712628,0.965333923409905
2021-03-16,362370,350561,6062,5747,0.016728757899384605,0.967411761459282
2021-03-17,363700,351680,6077,5943,0.016708825955457796,0.9669507836128678
2021-03-18,365419,352827,6100,6492,0.016693165927332734,0.9655409269906601
2021-03-19,367007,354036,6120,6851,0.01667543125880433,0.9646573498598119
2021-03-20,368944,355221,6143,7580,0.016650223340127498,0.9628046532807147
2021-03-21,370582,357100,6160,7322,0.01662250190241296,0.9636193878817644
2021-03-22,372056,358826,6179,7051,0.01660771496763928,0.9644408368632679
2021-03-23,372871,360479,6206,6186,0.0166438258808006,0.9667659860917046
2021-03-24,373761,362248,6224,5289,0.016652352706676192,0.9691968932018055
2021-03-25,375487,362975,6241,6271,0.016621081422259626,0.9666779409140662
2021-03-26,376868,363599,6260,7009,0.01661059044546101,0.9647913858433191
2021-03-27,378222,364251,6281,7690,0.016606649005081672,0.9630613766518077
2021-03-28,379692,365592,6304,7796,0.016602930796540353,0.9628646376536771
2021-03-29,380706,366615,6324,7767,0.016611243321618258,0.9629871869631684
2021-03-30,381090,367819,6327,6944,0.01660237739116744,0.9651762050959091
2021-03-31,382055,369007,6341,6707,0.016597086806873357,0.9658478491316695
2021-04-01,383392,369929,6344,7119,0.0165470328019364,0.9648845046323345
2021-04-02,384632,371254,6351,7027,0.016511886686495142,0.9652187025520498
2021-04-03,385730,372494,6356,6880,0.016477847198817827,0.9656858424286417
2021-04-04,386466,373565,6360,6541,0.01645681638229495,0.9666180207314485
2021-04-05,386989,374542,6372,6075,0.016465584293093603,0.9678362950884909
2021-04-06,387476,375080,6379,6017,0.01646295512496258,0.9680083411617751
2021-04-07,388338,375651,6391,6296,0.016457312959329243,0.9673300063346878
2021-04-08,389577,376270,6410,6897,0.016453743419144354,0.9658424393637202
2021-04-09,390590,376959,6424,7207,0.016446913643462454,0.9651015130955733
2021-04-10,391567,377797,6435,7335,0.016433969154704048,0.9648336044661577
2021-04-11,392598,379210,6450,6938,0.016429018996530802,0.965898960259604
2021-04-12,393290,380560,6459,6271,0.016422995753769484,0.9676320272572402
2021-04-13,394118,381449,6482,6187,0.016446850943118558,0.9678548049061448
2021-04-14,394779,382091,6489,6199,0.016437044523644875,0.9678604991653558
2021-04-15,396109,382617,6504,6988,0.016419722854062898,0.9659386683968302
2021-04-16,397088,383655,6513,6920,0.016401905874768315,0.9661712265291321
2021-04-17,398125,384652,6520,6953,0.016376766091051806,0.9661588697017268
2021-04-18,399075,385615,6536,6924,0.016377873833239368,0.9662720040092715
2021-04-19,400048,386606,6558,6884,0.01639303283605967,0.9663990321161461
2021-04-20,400508,387507,6569,6432,0.016401669879253348,0.9675387258182109
2021-04-21,401110,388083,6587,6440,0.016421929146618136,0.9675226247164119
2021-04-22,402376,388735,6596,7045,0.016392627790921925,0.9660988726961847
2021-04-23,403260,389445,6612,7203,0.01639636958785895,0.9657417051034072
2021-04-24,404167,390334,6623,7210,0.016386790608832486,0.9657740488461453
2021-04-25,405063,391301,6645,7117,0.01640485554098992,0.9660250380804961
2021-04-26,405812,392595,6660,6557,0.016411540319162567,0.967430731471716
2021-04-27,406205,393205,6679,6321,0.016442436700680692,0.9679964549919375
2021-04-28,406844,393814,6690,6340,0.01644364916282408,0.9679729822733038
2021-04-29,407831,394403,6710,6718,0.016452893477935715,0.9670745970757495
2021-04-30,408620,394939,6733,6948,0.016477411776222407,0.9665190152219666
2021-05-01,409546,395644,6747,7155,0.016474339878792613,0.9660550951541463
2021-05-02,410400,396594,6767,7039,0.01648879142300195,0.966359649122807
2021-05-03,411157,397349,6788,7020,0.016509508533236697,0.9664167215929681
2021-05-04,411573,397955,6807,6811,0.01653898579352873,0.9669123096024278
2021-05-05,412418,398610,6830,6978,0.01656086785736801,0.9665194050696139
2021-05-06,413323,399224,6850,7249,0.016572994970035542,0.9658886633456158
2021-05-07,414106,399821,6872,7413,0.01659478491014378,0.9655040013909482
2021-05-08,414838,400403,6896,7539,0.01662335658739074,0.965203284173581
2021-05-09,415647,401114,6911,7622,0.016627089814193294,0.9650352342251959
2021-05-10,416341,401744,6933,7664,0.01665221537153439,0.9649397969452924
2021-05-11,416747,402374,6952,7421,0.016681583790645164,0.9655114493925571
2021-05-12,417403,403039,6973,7391,0.016705677726322043,0.9655872142749333
2021-05-13,418188,403630,6973,7585,0.01667431872746229,0.9651879059179125
2021-05-14,418820,404187,7003,7630,0.01672078697292393,0.9650613628766535
2021-05-15,419047,404715,7066,7266,0.016862070364422128,0.96579858583882
2021-05-16,419208,404980,7082,7146,0.016893761569435697,0.966059808018931
2021-05-17,419629,405229,7107,7293,0.016936389048421343,0.9656839732239669
2021-05-18,419920,405357,7130,7433,0.016979424652314726,0.9653195846827968
2021-05-19,420459,405535,7149,7775,0.017002846888757285,0.9645054571313731
2021-05-20,421354,405714,7169,8471,0.017014197088433953,0.962881567518049
2021-05-21,422210,405918,7184,9108,0.017015229388219134,0.9614125672058929
2021-05-22,423142,406300,7196,9646,0.0170061114235883,0.9601977586720297
2021-05-23,424009,406669,7207,10133,0.016997280718097967,0.9591046416467575
2021-05-24,424828,406987,7225,10616,0.01700688278550378,0.9580041805154086
2021-05-25,425212,407493,7239,10480,0.017024448980743723,0.958329021758558
2021-05-26,425829,408019,7250,10560,0.01702561356788758,0.9581756996352996
2021-05-27,426769,408585,7271,10913,0.017037319955291973,0.9573914693897635
2021-05-28,427462,409497,7288,10677,0.017049468724705353,0.9579728724424628
2021-05-29,428269,410508,7296,10465,0.017036021752683476,0.9585284015420215
2021-05-30,429333,411495,7309,10529,0.017024081540435977,0.9584518310961422
2021-05-31,430059,412074,7327,10658,0.017037197221776545,0.958180156676177
2021-06-01,430578,412593,7349,10636,0.01706775543571664,0.9582305644970249
2021-06-02,431179,413179,7361,10639,0.017071796168180733,0.95825399660002
2021-06-03,431893,413680,7381,10832,0.017089881058502916,0.9578298328521184
2021-06-04,432799,414496,7402,10901,0.017102627316606556,0.9577101610678398
2021-06-05,434116,415317,7423,11376,0.01709911636521114,0.9566959061633297
2021-06-06,435135,416181,7438,11516,0.017093545681225366,0.956441104484815
2021-06-07,436332,416994,7457,11881,0.01709019737264285,0.9556805368389208
2021-06-08,437087,417997,7478,11612,0.017108722062198142,0.956324484599176
2021-06-09,438458,419109,7499,11850,0.017103120481323182,0.9558703456203331
2021-06-10,440554,420211,7523,12820,0.017076226750863684,0.9538240488112695
2021-06-11,442847,421396,7543,13908,0.01703297075513665,0.951561148658566
2021-06-12,445302,422121,7557,15624,0.016970505409811768,0.9479431936079334
2021-06-13,448071,423056,7571,17444,0.016896875718357136,0.9441717942022582
2021-06-14,450793,424088,7609,19096,0.016879144086088295,0.9407599496886597
2021-06-15,452295,425417,7634,19244,0.01687836478404581,0.9405741827789386
2021-06-16,454671,426695,7665,20311,0.016858343725463028,0.9384697946427197
2021-06-17,458815,428764,7713,22338,0.016810697121933678,0.9345030131970402
2021-06-18,463552,431264,7777,24511,0.016776974320033135,0.9303465414883335
2021-06-19,468447,433499,7836,27112,0.01672761272886794,0.9253960426686477
2021-06-20,474029,435982,7905,30142,0.01667619491634478,0.9197369781173725
2021-06-21,479043,439007,7976,32060,0.016649862329686477,0.916425039088349
2021-06-22,482264,442059,8014,32191,0.016617454340361295,0.9166327986331139
2021-06-23,486957,443195,8057,35705,0.016545608749848548,0.9101316954063706
2021-06-24,494462,445718,8107,40637,0.016395597639454598,0.9014201293527107
2021-06-25,501396,448288,8177,44931,0.016308466760803837,0.8940797293955277
2021-06-26,510667,451013,8220,51434,0.016096595237209375,0.8831841493576048
2021-06-27,520061,454497,8269,57295,0.01590005787782587,0.8739301735757921
2021-06-28,528409,457935,8348,62126,0.0157983683093967,0.8666298265169594
2021-06-29,535788,461439,8426,65923,0.01572636938490597,0.8612342941611234
2021-06-30,543468,464943,8486,70039,0.01561453480241707,0.8555112720528164
2021-07-01,551009,468461,8528,74020,0.015477061173229476,0.8501875649944012
2021-07-02,560408,473467,8547,78394,0.015251388274257326,0.8448612439508358
2021-07-03,570110,479150,8577,82383,0.015044465103225694,0.8404518426268615
2021-07-04,580595,484949,8652,86994,0.014901954029917584,0.8352621018093508
2021-07-05,591498,491556,8779,91163,0.014841977487666906,0.8310357769595164
2021-07-06,600937,497492,8861,94584,0.014745306080337873,0.8278604911995766
2021-07-07,610303,501199,9042,100062,0.014815591599582503,0.8212297825834053
2021-07-08,623277,512085,9110,102082,0.014616294199850147,0.8216009896081518
2021-07-09,636389,526941,9306,100142,0.014623131449475085,0.8280171404596874
2021-07-10,649309,543867,9357,96085,0.014410704302573967,0.8376089042351177
2021-07-11,662442,564437,9395,88610,0.014182373702150529,0.8520549723598443
2021-07-12,677061,584912,9462,82687,0.01397510711737938,0.8638985261298465
2021-07-13,689243,589486,9541,90216,0.013842723103462785,0.8552658496350344
2021-07-14,701910,592556,9603,99751,0.013681241184767278,0.844205097519625
2021-07-15,714601,595582,9743,109276,0.013634181872121646,0.8334469165310432
2021-07-16,727016,604033,9845,113138,0.013541655204287113,0.8308386610473497
2021-07-17,737184,615640,9902,111642,0.013432196032469505,0.8351239310674133
2021-07-18,746312,627481,10103,108728,0.013537233757463367,0.840775707746894
2021-07-19,751312,640171,10345,100796,0.013769246331750324,0.8520707775198586
2021-07-20,757525,652242,10610,94673,0.014006138411273555,0.8610171281475859
2021-07-21,763429,662800,10692,89937,0.014005231658739712,0.868188135373427
2021-07-22,770487,673424,10865,86198,0.014101470887892983,0.8740238316804826
2021-07-23,778520,687864,11021,79635,0.014156347942249396,0.8835534090325232
2021-07-24,786880,702477,11181,73222,0.014209282228548191,0.8927371390809272
2021-07-25,792273,716838,11333,64102,0.01430441274661638,0.9047866076466067
2021-07-26,794935,731504,11436,51995,0.014386081880908503,0.9202060545830791
2021-07-27,798502,746087,11606,40809,0.014534716256189715,0.9343583359841303
2021-07-28,804027,757122,11688,35217,0.014536825255868272,0.9416624068594711
2021-07-29,807872,768562,11844,27466,0.014660738334785709,0.9513413015923314
2021-07-30,811326,779720,11952,19654,0.014731439643250679,0.9610440192968055
2021-07-31,814653,784668,12135,17850,0.014895912738306984,0.9631929177207965
2021-08-01,817354,789261,12209,15884,0.014937224262681776,0.9656293356367008
2021-08-02,818764,791422,12363,14979,0.015099589136796439,0.9666057618556751
2021-08-03,820365,793928,12433,14004,0.015155449098876719,0.9677741005528027
2021-08-04,823346,796381,12514,14451,0.015198956453301528,0.9672494917082247
2021-08-05,825657,799151,12629,13877,0.015295697850317988,0.9678970807490277
2021-08-06,827842,802373,12682,12787,0.015319348378072145,0.9692344674466867
2021-08-07,829850,806924,12750,10176,0.015364222449840332,0.9723733204796048
2021-08-08,831499,808087,12770,10642,0.015357805601690441,0.9718436221811452
2021-08-09,832226,809087,12783,10356,0.01536001038179533,0.9721962543828239
2021-08-10,833651,810308,12824,10519,0.01538293602478735,0.9719990739530091
2021-08-11,835609,811642,12866,11101,0.015397153453349592,0.9713179250103816
2021-08-12,836687,813898,12908,9881,0.015427513514611796,0.9727628133340186
2021-08-13,837897,815468,12976,9453,0.015486390331985912,0.9732317934065882
2021-08-14,839260,816687,13005,9568,0.015495793913685866,0.9731036865810356
2021-08-15,840442,817764,13022,9656,0.01549422803715188,0.9730165793713308
2021-08-16,840955,818700,13050,9205,0.01551807171608469,0.9735360393837958
2021-08-17,841610,819620,13074,8916,0.015534511234419743,0.9738715081807489
2021-08-18,842639,820517,13087,9035,0.015530968777851487,0.9737467646287438
2021-08-19,843370,821451,13121,8798,0.015557821596689472,0.9740102208994866
2021-08-20,844339,822399,13132,8808,0.015552994709470958,0.9740151763687334
2021-08-21,845230,823314,13152,8764,0.015560261703914911,0.9740709629331661
2021-08-22,845931,824227,13173,8531,0.015572192058217514,0.9743430610770855
2021-08-23,846416,824958,13193,8265,0.015586898168276592,0.9746483998412129
2021-08-24,846900,825573,13203,8124,0.01558979808714134,0.9748175699610344
2021-08-25,847689,826302,13214,8173,0.015588264092137564,0.974770228232288
2021-08-26,848263,827333,13216,7714,0.015580073632823783,0.9753260486429327
2021-08-27,848901,827674,13232,7995,0.015587212171972939,0.9749947284783502
2021-08-28,849369,828125,13242,8002,0.015590397106557926,0.9749884914565989
2021-08-29,849843,828838,13252,7753,0.015593468440641389,0.9752836700425843
2021-08-30,850184,829668,13261,7255,0.015597800005645836,0.9758687531169723
2021-08-31,850583,830197,13290,7096,0.015624577495670616,0.9760329091928712
2021-09-01,851256,831293,13302,6661,0.015626321576588005,0.9765487702876691
2021-09-02,851686,832130,13312,6244,0.01563017356161778,0.9770384860147989
2021-09-03,852029,832952,13322,5755,0.015635618036475285,0.9776099170333404
2021-09-04,852389,833437,13332,5620,0.015640746185133784,0.9777660199744482
2021-09-05,852692,833765,13342,5585,0.015646915885219985,0.9778032396222787
2021-09-06,852909,834489,13359,5061,0.01566286673021389,0.9784033232150205
2021-09-07,853171,835030,13372,4769,0.015673294099307174,0.978736970665904
2021-09-08,853599,835700,13386,4513,0.015681836553229328,0.9790311375716232
2021-09-09,853907,836187,13399,4321,0.015691404333258774,0.9792483256373352
2021-09-10,854168,836644,13411,4113,0.01570065841848442,0.9794841295857489
2021-09-11,854436,837033,13431,3972,0.015719141047427776,0.9796321784194486
2021-09-12,854742,837364,13437,3941,0.0157205332135311,0.9796687187478795
2021-09-13,854929,837805,13443,3681,0.015724112762580286,0.9799702665367533
2021-09-14,855119,838306,13445,3368,0.015722957857327458,0.9803384090401452
2021-09-15,855424,838680,13455,3289,0.01572904197216819,0.9804260811013018
2021-09-16,855600,839022,13464,3114,0.01573632538569425,0.9806241234221599
2021-09-17,855806,839379,13469,2958,0.015738379959944194,0.9808052292225107
2021-09-18,856006,839623,13475,2908,0.015741712090803103,0.9808611154594711
2021-09-19,856161,839803,13479,2879,0.015743534218447233,0.9808937804922205
2021-09-20,856252,840212,13482,2558,0.015745364682359864,0.9812671970401237
2021-09-21,856358,840525,13486,2347,0.0157480866646893,0.9815112371227921
2021-09-22,856585,840812,13490,2283,0.015748583036126012,0.9815861823403398
2021-09-23,856750,841065,13493,2192,0.015749051648672307,0.9816924423694193
2021-09-24,856931,841393,13497,2041,0.01575039297212961,0.9818678516706713
2021-09-25,857064,841592,13500,1972,0.015751449133320265,0.9819476725192051
2021-09-26,857232,841719,13503,2010,0.015751861806372138,0.981903382048267
2021-09-27,857335,841980,13507,1848,0.01575463500265357,0.9820898481923636
2021-09-28,857439,842141,13512,1786,0.0157585554191027,0.982158497572422
2021-09-29,857616,842336,13516,1764,0.0157599671647917,0.9821831682244734
2021-09-30,857765,842541,13519,1705,0.0157607270056484,0.9822515490839565
2021-10-01,857916,842715,13524,1677,0.015763781069475333,0.9822814821031429
2021-10-02,858071,842842,13529,1700,0.015766760559440884,0.9822520514036718
2021-10-03,858198,842929,13534,1735,0.01577025348462709,0.982208068534301
2021-10-04,858347,843091,13534,1722,0.01576751593469774,0.9822263024161557
2021-10-05,858419,843239,13538,1642,0.015770853161451458,0.9823163280402694
2021-10-06,858622,843414,13540,1668,0.015769453845813408,0.9822878985164601
2021-10-07,858771,843529,13541,1701,0.015767882241016523,0.9822513801700337
2021-10-08,858921,843738,13541,1642,0.01576512857410635,0.9823231705826263
2021-10-09,859021,843822,13543,1656,0.01576562156222025,0.9823066025161201
2021-10-10,859161,843891,13547,1723,0.015767708264225216,0.9822268468889999
2021-10-11,859202,844189,13549,1464,0.015769283591053094,0.982526809760685
2021-10-12,859345,844538,13550,1257,0.015767823167645124,0.9827694348602715
2021-10-13,859623,844742,13550,1331,0.015762723891752546,0.9826889229348215
2021-10-14,859736,844839,13550,1347,0.015760652107158477,0.9826725878641815
2021-10-15,859860,844901,13550,1409,0.015758379271044124,0.9826029818807713
2021-10-16,860014,845121,13551,1342,0.015756720239437964,0.98268284004679
2021-10-17,860145,845248,13551,1346,0.015754320492475105,0.9826808270698545
2021-10-18,860252,845386,13552,1314,0.015753523386170563,0.9827190172182105
2021-10-19,860358,845508,13552,1298,0.015751582480781255,0.9827397432231699
2021-10-20,860461,845650,13552,1259,0.015749696964766562,0.9827871338735864
2021-10-21,860550,845763,13553,1234,0.01574923014351287,0.9828168032072512
2021-10-22,860633,845884,13553,1196,0.015747711277629372,0.9828626139132476
2021-10-23,860749,846056,13555,1138,0.015747912573816525,0.9829299830728818
2021-10-24,860880,846185,13556,1139,0.01574667781804665,0.9829302574110212
2021-10-25,860962,846352,13557,1053,0.01574633955970182,0.983030609945619
2021-10-26,860999,846525,13558,916,0.015746824328483542,0.9831892952256622
2021-10-27,861104,846667,13559,878,0.015746065515895875,0.9832343131607797
2021-10-28,861235,846749,13560,926,0.01574483155004151,0.9831799683013347
2021-10-29,861331,846799,13560,972,0.015743076703381164,0.9831284372674384
2021-10-30,861427,846942,13561,924,0.015742483112324086,0.9831848781150347
2021-10-31,861540,847021,13562,957,0.015741579032894585,0.9831476193792511
2021-11-01,861623,847066,13562,995,0.01574006264920969,0.9831051399509995
2021-11-02,861700,847201,13562,937,0.01573865614482999,0.9831739584542184
2021-11-03,861832,847353,13563,916,0.01573740589813328,0.9831997419450659
2021-11-04,861943,847403,13564,976,0.01573653942314051,0.983131135121464
2021-11-05,862061,847438,13565,1058,0.015735545396439465,0.9830371632633885
2021-11-06,862130,847685,13566,879,0.015735445930428124,0.9832449862549731
2021-11-07,862247,847808,13566,873,0.015733310756662535,0.9832542183388286
2021-11-08,862276,847885,13566,825,0.0157327816151673,0.9833104481627692
2021-11-09,862370,848034,13566,770,0.015731066711504343,0.9833760450850563
2021-11-10,862465,848093,13566,806,0.015729333943986134,0.9833361353794067
2021-11-11,862572,848137,13567,868,0.015728542081124824,0.9832651651108545
2021-11-12,862643,848311,13567,765,0.015727247540407795,0.9833859429682963
2021-11-13,862697,848419,13567,711,0.015726263102804346,0.9834495773139352
2021-11-14,862789,848527,13568,694,0.015725745228555302,0.9834698866119063
2021-11-15,862825,848604,13569,652,0.01572624808043346,0.9835180946310086
2021-11-16,862904,848710,13569,625,0.0157248083216673,0.9835508932627499
2021-11-17,863034,848871,13570,593,0.01572359837503505,0.983589290804302
2021-11-18,863134,849007,13571,556,0.015722935256866258,0.9836329005693206
2021-11-19,863231,849111,13573,547,0.015723485370659766,0.9836428487855511
2021-11-20,863345,849265,13574,506,0.015722567455652144,0.983691340078416
2021-11-21,863456,849386,13574,496,0.015720546269873625,0.9837050179742801
2021-11-22,863482,849448,13574,460,0.015720072914085066,0.9837472002890622
2021-11-23,863551,849491,13574,486,0.015718816838843335,0.9837183906914588
2021-11-24,863633,849596,13575,462,0.015718482271983587,0.9837465682761081
2021-11-25,863687,849638,13576,473,0.01571865733766978,0.9837336905615113
2021-11-26,863757,849693,13576,488,0.015717383477065888,0.9837176428092623
2021-11-27,863811,849779,13576,456,0.015716400925665452,0.9837557058199073
2021-11-28,863862,849831,13576,455,0.015715473073245494,0.9837578224299715
2021-11-29,863903,849902,13576,425,0.015714727232108233,0.9837933193888666
2021-11-30,863947,849929,13576,442,0.015713926895978572,0.9837744676467423
2021-12-01,864017,849979,13576,462,0.015712653801950655,0.983752634496775
2021-12-02,864045,850046,13576,423,0.01571214462209723,0.9837982975423734
2021-12-03,864087,850114,13577,396,0.015712538205064998,0.9838291746085753
2021-12-04,864135,850175,13578,382,0.015712822649238834,0.9838451167930937
2021-12-05,864178,850228,13579,371,0.015713197975417103,0.9838574923221837
2021-12-06,864192,850281,13581,330,0.015715257720506554,0.983902882692735
2021-12-07,864223,850319,13582,322,0.01571585111713065,0.9839115598636
2021-12-08,864264,850364,13583,317,0.01571626262345765,0.983916951301917
2021-12-09,864300,850439,13583,278,0.015715608006479233,0.9839627444174477
2021-12-10,864326,850475,13583,268,0.015715135261463845,0.9839747965466734
2021-12-11,864358,850517,13583,258,0.015714553460487436,0.9839869591072218
2021-12-12,864390,850557,13583,250,0.015713971702587953,0.9839968069968417
2021-12-13,864406,850595,13583,228,0.01571368083979056,0.9840225542164215
2021-12-14,864426,850621,13583,222,0.015713317276435462,0.9840298649045726
2021-12-15,864449,850649,13583,217,0.015712899199374398,0.9840360738458833
2021-12-16,864489,850685,13583,221,0.015712172161820453,0.9840321854876117
2021-12-17,864527,850719,13583,225,0.01571148153845976,0.9840282605401567
2021-12-18,864601,850751,13583,267,0.015710136814553764,0.9839810502185401
2021-12-19,864644,850797,13583,264,0.015709355526667624,0.9839853165002013
2021-12-20,864682,850817,13584,281,0.01570982164541415,0.9839652033926923
2021-12-21,864737,850837,13584,316,0.01570882245121927,0.9839257485223831
2021-12-22,864780,850858,13584,338,0.015708041351557622,0.9839011077962025
2021-12-23,864796,850910,13584,302,0.01570775072965185,0.9839430339640793
2021-12-24,864865,850939,13584,342,0.01570649754585976,0.9838980650159274
2021-12-25,864945,850984,13584,377,0.01570504482944002,0.9838590893062564
2021-12-26,864992,851008,13584,400,0.015704191483851875,0.9838333764936554
2021-12-27,865034,851096,13584,354,0.015703428998166544,0.9838873385323582
2021-12-28,865130,851138,13585,407,0.015702842347392876,0.9838267081247904
2021-12-29,865157,851167,13587,403,0.015704664008960225,0.9838295245833993
2021-12-30,865210,851201,13587,422,0.015703701991424047,0.9838085551484611
2021-12-31,865297,851222,13588,487,0.015703278758622763,0.983733908704179
2022-01-01,865415,851280,13588,547,0.015701137604501886,0.9836667956991733
2022-01-02,865518,851386,13588,544,0.015699269108210342,0.983672205546274
2022-01-03,865690,851408,13588,694,0.01569614989199367,0.983502177453823
2022-01-04,865805,851449,13588,768,0.015694065060839334,0.9834188991747564
2022-01-05,866064,851520,13589,955,0.015690526335236196,0.9832067837942693
2022-01-06,866331,851572,13589,1170,0.015685690573233557,0.9829637863587936
2022-01-07,866631,851648,13589,1394,0.015680260687651375,0.9827112115767841
2022-01-08,866909,851727,13589,1593,0.015675232348493325,0.9824872045393461
2022-01-09,867302,851839,13589,1874,0.015668129440494775,0.9821711468438906
2022-01-10,867662,851944,13589,2129,0.015661628606531114,0.9818846509355026
2022-01-11,868199,852126,13590,2483,0.01565309335762884,0.9814869632422981
2022-01-12,868611,852269,13590,2752,0.01564566877462984,0.9811860545169242
2022-01-13,869089,852563,13590,2936,0.015637063637901297,0.9809846862634322
2022-01-14,869643,852727,13591,3325,0.015628252052853873,0.9805483399509913
2022-01-15,870363,853003,13591,3769,0.015615323721251937,0.9800542991832144
2022-01-16,870929,853522,13591,3816,0.015605175622811962,0.9800132961469878
2022-01-17,871422,853987,13591,3844,0.015596347119994676,0.9799924720743796
2022-01-18,872092,854204,13591,4297,0.015584364952321544,0.9794884025997257
2022-01-19,873104,854589,13591,4924,0.015566301379904342,0.9787940497351977
2022-01-20,874259,855026,13591,5642,0.01554573644652214,0.9780007983904083
2022-01-21,875743,855676,13591,6476,0.015519393246648845,0.9770857431917811
2022-01-22,877568,856137,13591,7840,0.015487118946907817,0.9755791004229871
2022-01-23,879307,856653,13597,9057,0.015463313723193378,0.974236529448759
2022-01-24,881300,857215,13597,10488,0.015428344491092705,0.9726710541245887
2022-01-25,883490,857688,13606,12196,0.015400287496179922,0.970795368368629
2022-01-26,886999,859305,13612,14082,0.01534612778593888,0.9687778678442704
2022-01-27,891148,861203,13615,16330,0.015278045846481169,0.966397276322227
2022-01-28,895706,862670,13617,19419,0.015202532973989233,0.9631173621701764
2022-01-29,901471,864447,13627,23397,0.015116404188265624,0.9589293499180783
2022-01-30,908093,866477,13639,27977,0.01501938678086936,0.9541720947083614
2022-01-31,913355,867519,13666,32170,0.014962418774737096,0.9498157890415009
2022-02-01,919743,869184,13678,36881,0.014871545638292436,0.945029209246496
2022-02-02,928875,873212,13689,41974,0.014737182075090836,0.9400748216929081
2022-02-03,939192,877579,13713,47900,0.014600848388827843,0.9343978653991942
2022-02-04,952371,883377,13738,55256,0.014425050741780252,0.9275555429554239
2022-02-05,965145,891571,13767,59807,0.014264177921452218,0.9237689673572365
2022-02-06,980970,899957,13794,67219,0.014061592097617663,0.9174154153541902
2022-02-07,993652,905285,13832,74535,0.013920366486456023,0.9110684626005885
2022-02-08,1004469,910435,13872,80162,0.013810281850410515,0.9063843682582539
2022-02-09,1018822,923652,13889,81281,0.013632410764588907,0.9065881969568776
2022-02-10,1029912,929100,13911,86901,0.013506979237061031,0.9021159089320253
2022-02-11,1040619,945079,13950,81590,0.01340548269827862,0.9081892604305707
2022-02-12,1053036,960624,13989,78423,0.013284446115802309,0.9122423165019999
2022-02-13,1063208,975674,14032,73502,0.01319779384654743,0.9176699197146748
2022-02-14,1073483,975770,14085,83628,0.013120841224313753,0.908975735992093
2022-02-15,1082965,984861,14135,83969,0.013052130031903154,0.9094116615033727
2022-02-16,1095353,992213,14191,88949,0.012955640784295109,0.9058385744139104
2022-02-17,1103889,1008870,14255,80764,0.012913436042935477,0.9139234107777141
2022-02-18,1112078,1020564,14301,77213,0.012859709480809799,0.9177090096198288
2022-02-19,1121531,1031739,14326,75466,0.012773610359410485,0.9199380133050268
2022-02-20,1129667,1043718,14358,71591,0.012709940185913194,0.9239165169912904
2022-02-21,1135025,1055584,14382,65059,0.012671086539944055,0.9300094711570229
2022-02-22,1140233,1064272,14415,61546,0.012642152963473255,0.9333811598155816
2022-02-23,1147528,1071054,14466,62008,0.012606228344754986,0.9333576174176142
2022-02-24,1154383,1082827,14513,57043,0.012572083961735403,0.938013640187009
2022-02-25,1158907,1091226,14555,53126,0.012559247635919016,0.9415992827724744
2022-02-26,1163582,1100117,14585,48880,0.012534569974440994,0.9454572174543779
2022-02-27,1167539,1109056,14609,43874,0.01251264411724148,0.9499091679164465
2022-02-28,1174839,1120433,14664,39742,0.012481710259873905,0.9536906759138912
2022-03-01,1178473,1126008,14690,37775,0.012465283464279622,0.9554805243734901
2022-03-02,1182669,1129828,14710,38131,0.012437968696228615,0.9553205503822286
2022-03-03,1187338,1137499,14730,35109,0.012405902952655435,0.9580245894597832
2022-03-04,1191065,1143134,14754,33177,0.01238723327442247,0.959757863760584
2022-03-05,1194124,1148415,14779,30930,0.012376436617972672,0.961721730741531
2022-03-06,1197793,1152865,14798,30130,0.012354388446083756,0.962491014724581
2022-03-07,1200486,1156926,14828,28732,0.012351664242648394,0.9637146955483029
2022-03-08,1204055,1161139,14852,28064,0.012334984697542887,0.9643571099326858
2022-03-09,1207927,1164852,14863,28212,0.012304551516772122,0.9643397324507192
2022-03-10,1211473,1168549,14881,28043,0.012283393851947174,0.9645687522544869
2022-03-11,1214021,1173761,14896,25364,0.012269968970882712,0.9668374764522195
2022-03-12,1216126,1178124,14921,23081,0.012269287886288099,0.9687515931737336
2022-03-13,1218000,1180576,14955,22469,0.01227832512315271,0.9692742200328407
2022-03-14,1219307,1184667,14988,19652,0.012292228290332132,0.9715904198040363
2022-03-15,1220878,1187307,15019,18552,0.012301802473302,0.9725025760149663
2022-03-16,1222584,1189556,15031,17997,0.012294451751372502,0.9729850873232432
2022-03-17,1224167,1193225,15043,15899,0.012288356082135852,0.9747240368348437
2022-03-18,1225683,1196098,15061,14524,0.01228784277827138,0.9758624375144307
2022-03-19,1227168,1198669,15073,13426,0.012282751831860022,0.9767766108633863
2022-03-20,1228335,1200920,15087,12328,0.012282479942361,0.977681170039118
2022-03-21,1229197,1202740,15093,11364,0.012278747832934835,0.9784761921807489
2022-03-22,1230209,1204167,15102,10940,0.012275962864846543,0.9788312392447137
2022-03-23,1231444,1205353,15106,10985,0.012266899672254687,0.9788126784490403
2022-03-24,1232511,1207258,15111,10142,0.012260336824580064,0.97951093337098
2022-03-25,1233401,1208909,15116,9376,0.012255543817460825,0.9801427110890943
2022-03-26,1234197,1210332,15121,8744,0.012251690775459671,0.9806635407475468
2022-03-27,1234791,1211717,15126,7948,0.012249846330269657,0.9813134368488271
2022-03-28,1235364,1213009,15138,7217,0.012253878209175595,0.9819041189479376
2022-03-29,1236106,1213901,15148,7057,0.012254612468509982,0.982036330217635
2022-03-30,1237007,1214728,15159,7120,0.01225457899591514,0.9819895926215454
2022-03-31,1237736,1216040,15167,6529,0.012253824725143326,0.982471221649851
2022-04-01,1238377,1217108,15175,6094,0.012253942054802375,0.9828251009183795
2022-04-02,1239010,1218121,15183,5706,0.01225413838467809,0.983140571908217
2022-04-03,1239622,1218930,15190,5502,0.012253735412891995,0.9833078148016089
2022-04-04,1240110,1219664,15200,5246,0.012256977203635161,0.9835127529009523
2022-04-05,1240678,1220235,15205,5238,0.012255395840016507,0.9835227190294339
2022-04-06,1241431,1220769,15207,5455,0.012249573274712811,0.9833563041361139
2022-04-07,1242105,1221596,15212,5297,0.01224695174723554,0.9834885134509562
2022-04-08,1242697,1222380,15214,5103,0.012242726907685462,0.9836508819124855
2022-04-09,1243147,1223059,15217,4871,0.012240708460061442,0.9838410099529662
2022-04-10,1243517,1223655,15220,4642,0.012239478833019573,0.9840275605399845
2022-04-11,1243829,1224308,15224,4297,0.01223962457861973,0.98430572048087
2022-04-12,1244184,1224805,15229,4150,0.01224015097445394,0.9844243295203925
2022-04-13,1244583,1225348,15232,4003,0.012238637358858348,0.9845450243173818
2022-04-14,1244955,1226139,15234,3582,0.012236586864585466,0.9848862007060496
2022-04-15,1245265,1226739,15238,3288,0.012236752819680952,0.9851228453381409
2022-04-16,1245458,1227338,15240,2880,0.012236462409812294,0.9854511352450264
2022-04-17,1245653,1227793,15244,2616,0.012237758027315793,0.985662138653381
2022-04-18,1245823,1228205,15250,2368,0.012240904205493076,0.9858583442431228
2022-04-19,1246002,1228519,15252,2231,0.012240750817414419,0.9859687223616014
2022-04-20,1246233,1228783,15254,2196,0.012240086725355532,0.9859978029790577
2022-04-21,1246392,1229206,15258,1928,0.012241734542583713,0.9862114005866534
2022-04-22,1246607,1229616,15261,1730,0.012242029765595732,0.9863702032797826
2022-04-23,1246779,1229971,15264,1544,0.012242747110754994,0.9865188618030942
2022-04-24,1246914,1230220,15265,1429,0.012242223601627699,0.986611747081194
2022-04-25,1247015,1230368,15266,1381,0.012242033977137403,0.9866505214452111
2022-04-26,1247214,1230600,15268,1346,0.01224168426589182,0.9866791104012623
2022-04-27,1247344,1230742,15271,1331,0.012242813530188945,0.9866901191652022
2022-04-28,1247457,1230989,15272,1196,0.012242506154520758,0.9867987433634987
2022-04-29,1247583,1231171,15273,1139,0.01224207126900575,0.9868449634212714
2022-04-30,1247734,1231413,15274,1047,0.012241391193956404,0.9869194876472068
2022-05-01,1247815,1231573,15275,967,0.012241397963640443,0.9869836474156826
2022-05-02,1247903,1231709,15277,917,0.012242137409718544,0.9870230298348509
2022-05-03,1247943,1231833,15278,832,0.012242546334247638,0.987090756548977
2022-05-04,1248005,1231950,15280,775,0.012243540690942745,0.9871354682072588
2022-05-05,1248091,1232106,15281,704,0.012243498270558798,0.9871924402948182
2022-05-06,1248180,1232228,15282,670,0.01224342642888045,0.987219792017177
2022-05-07,1248242,1232328,15283,631,0.012243619426361235,0.9872508696230379
2022-05-08,1248320,1232444,15284,592,0.012243655472955653,0.9872821071520123
2022-05-09,1248422,1232527,15285,610,0.01224345613902991,0.987267927031084
2022-05-10,1248572,1232618,15287,667,0.012243587073873193,0.9872222026443008
2022-05-11,1248701,1232696,15288,717,0.012243123053477174,0.9871826802413067
2022-05-12,1248801,1232729,15290,782,0.012243744199436099,0.9871300551488988
2022-05-13,1248902,1232772,15291,839,0.012243554738482283,0.9870846551610934
2022-05-14,1249016,1232867,15292,857,0.01224323787685666,0.9870706219936334
2022-05-15,1249109,1232939,15293,877,0.012243126900854929,0.9870547726419392
2022-05-16,1249179,1233010,15293,876,0.01224244083514052,0.9870562985769054
2022-05-17,1249254,1233102,15293,859,0.012241705850051311,0.9870706837840824
2022-05-18,1249367,1233206,15294,867,0.012241399044476122,0.9870646495385264
2022-05-19,1249457,1233387,15294,776,0.012240517280706738,0.9871384129265753
2022-05-20,1249539,1233494,15294,751,0.012239714006525607,0.9871592643366873
2022-05-21,1249632,1233575,15294,763,0.01223880310363371,0.9871506171416865
2022-05-22,1249742,1233664,15296,782,0.012239326196927046,0.9871349446525763
2022-05-23,1249800,1233779,15297,724,0.012239558329332692,0.9871811489838375
2022-05-24,1249948,1233873,15300,775,0.012240509205182935,0.9871394650017441
2022-05-25,1250076,1233937,15300,839,0.012239255853244122,0.9870895849532348
2022-05-26,1250200,1234021,15300,879,0.012238041913293873,0.9870588705807071
2022-05-27,1250310,1234087,15300,923,0.01223696523262231,0.9870248178451744
2022-05-28,1250414,1234180,15300,934,0.012235947454203169,0.987017099936501
2022-05-29,1250503,1234280,15300,923,0.012235076605174078,0.987026820407468
2022-05-30,1250584,1234376,15303,905,0.012236683021692266,0.9870396550731498
2022-05-31,1250716,1234487,15303,926,0.012235391567710016,0.9870242325196128
2022-06-01,1250880,1234566,15303,1011,0.012233787413660782,0.986957981580967
2022-06-02,1251038,1234723,15303,1012,0.012232242345955918,0.9869588293880761
2022-06-03,1251211,1234863,15303,1045,0.012230551042150364,0.9869342580907616
2022-06-04,1251384,1234976,15303,1105,0.012228860205979939,0.9868881174763302
2022-06-05,1251579,1235069,15303,1207,0.012226954910556984,0.9868086632965238
2022-06-06,1251726,1235172,15303,1251,0.01222551900336016,0.986775060995777
2022-06-07,1251986,1235274,15303,1409,0.012222980129170773,0.9866516079253282
2022-06-08,1252274,1235370,15303,1601,0.01222016906843071,0.9865013567318335
2022-06-09,1252550,1235508,15303,1739,0.012217476348249571,0.9863941559219193
2022-06-10,1252883,1235666,15303,1914,0.012214229101999149,0.9862580943312345
2022-06-11,1253197,1235838,15303,2056,0.012211168714894785,0.9861482272938732
2022-06-12,1253519,1236002,15303,2214,0.0122080319484587,0.9860257403358066
2022-06-13,1253867,1236184,15304,2379,0.01220544124695841,0.9858972283344246
2022-06-14,1254384,1236374,15304,2706,0.012200410719524483,0.9856423551320808
2022-06-15,1255114,1236528,15304,3282,0.01219331471085495,0.9851917833758527
2022-06-16,1255810,1236820,15305,3685,0.012187353182408166,0.9848782857279366
2022-06-17,1256496,1237109,15305,4082,0.012180699341661255,0.9845705835911933
2022-06-18,1257229,1237400,15305,4524,0.012173597650070115,0.9842280125577759
2022-06-19,1257964,1237676,15308,4980,0.012168869697384026,0.9838723524679561
2022-06-20,1258665,1238059,15309,5297,0.012162886868229434,0.9836286859490015
2022-06-21,1259618,1238392,15311,5915,0.012155272471495327,0.9831488594161087
2022-06-22,1260844,1238754,15311,6779,0.012143453115532136,0.9824799895942717
2022-06-23,1261898,1239359,15311,7228,0.012133310299247642,0.9821388099513589
2022-06-24,1263164,1240028,15313,7823,0.012122733073456812,0.9816840885269055
2022-06-25,1264209,1240738,15313,8158,0.012112712375880887,0.9814342406991249
2022-06-26,1265264,1241429,15313,8522,0.012102612577296121,0.9811620341683632
2022-06-27,1266102,1242286,15313,8503,0.012094602172652756,0.9811895092180567
2022-06-28,1267352,1243032,15314,9006,0.012083462210972168,0.980810382592997
2022-06-29,1268486,1243738,15314,9434,0.012072659848039315,0.9804901276009352
2022-06-30,1269741,1244833,15315,9593,0.012061514907370873,0.9803834010243034
2022-07-01,1270841,1245980,15316,9545,0.012051861719916181,0.9804373639188537
